[
  { "country": "Afghanistan", "capital": "Kabul" },
  { "country": "Palestine", "capital": "Jerusalem" },
  { "country": "Algeria", "capital": "Algeria" },
  { "country": "Austria", "capital": "Vienna" },
  { "country": "Bahrain", "capital": "Manama" },
  { "country": "China", "capital": "Beijing" },
  { "country": "Djibouti", "capital": "Djibouti" },
  { "country": "Jordan", "capital": "Amman" },
  { "country": "Egypt", "capital": "Cairo" },
  { "country": "France", "capital": "Paris" },
  { "country": "India", "capital": "New Delhi" },
  { "country": "Iraq", "capital": "Baghdad" },
  { "country": "Japan", "capital": "Tokyo" },
  { "country": "Kuwait", "capital": "Kuwait" },
  { "country": "Lebanon", "capital": "Beirut" },
  { "country": "Libya", "capital": "Tripoli" },
  { "country": "Mexico", "capital": "Mexico" },
  { "country": "Morocco", "capital": "Rabat" },
  { "country": "Qatar", "capital": "Doha" },
  { "country": "Spain", "capital": "Madrid" },
  { "country": "Syria", "capital": "Damascus" },
  { "country": "UAE", "capital": "Abu Dhabi" },
  { "country": "Vietnam", "capital": "Hanori" },
  { "country": "Bolivia", "capital": "La Paz" },
  { "country": "Ecuador", "capital": "Queto" },
  { "country": "Bhutan", "capital": "Timpho" },
  { "country": "Colombia", "capital": "Bogota" },
  { "country": "Ethiopia", "capital": "Addis Ababa" },
  { "country": "Eritrea", "capital": "Asmara" },
  { "country": "Yemen", "capital": "Sana'a" },
  { "country": "Kenya", "capital": "Nairobi" },
  { "country": "Namibia", "capital": "Windhoek" },
  { "country": "Lesotho", "capital": "Maseru" },
  { "country": "Rwanda", "capital": "Kigali" },
  { "country": "Peru", "capital": "Lima" },
  { "country": "Guatemala", "capital": "Guatemala" },
  { "country": "Zimbabwe", "capital": "Harare" },
  { "country": "Nepal", "capital": "Kathmandu" },
  { "country": "Mongolia", "capital": "Ulan Bator" },
  { "country": "مدغشقر", "capital": "انتاناناريفو" },
  { "country": "South Africa", "capital": "Pretoria" },
  { "country": "Zambia", "capital": "Lusaka" },
  { "country": "Swaziland", "capital": "Mbabane" },
  { "country": "Uganda", "capital": "Kampala" },
  { "country": "Costa Rica", "capital": "San Jose" },
  { "country": "Iran", "capital": "Tehran" },
  { "country": "Tanzania", "capital": "Dodoma" },
  { "country": "Brazil", "capital": "Brasilia" },
  { "country": "Malawi", "capital": "Lilongwe" },
  { "country": "Andorra", "capital": "Andorra la Vella" },
  { "country": "Honduras", "capital": "Tegucigalpa" },
  { "country": "Armenia", "capital": "Yerevan" },
  { "country": "Botswana", "capital": "Gaborone" },
  { "country": "Turkey", "capital": "Ankara" },
  { "country": "Venezuela", "capital": "Caracas" },
  { "country": "Burundi", "capital": "Bujumbura" },
  { "country": "Tajikistan", "capital": "Dushanbe" },
  { "country": "Nigeria", "capital": "Abuja" },
  { "country": "Kyrgyzstan", "capital": "Bishkek" },
  { "country": "Jordan", "capital": "Amman" },
  { "country": "Cameroon", "capital": "Yaounde" },
  { "country": "Spain", "capital": "Madrid" },
  { "country": "El Salvador", "capital": "San Salvador" },
  { "country": "Saudi Arabia", "capital": "Riyadh" },
  { "country": "Australia", "capital": "Canberra" },
  { "country": "Bulgaria", "capital": "Sofia" },
  { "country": "Switzerland", "capital": "Bern" },
  { "country": "Chile", "capital": "Santiago" },
  { "country": "Bosnia and Herzegovina", "capital": "Sarajevo" },
  { "country": "Pakistan", "capital": "Islamabad" },
  { "country": "Uzbekistan", "capital": "Tashkent" },
  { "country": "Liechtenstein", "capital": "Vaduz" },
  { "country": "Georgia", "capital": "Tbilisi" },
  { "country": "Sudan", "capital": "Khartoum" },
  { "country": "Central African Republic", "capital": "Bangui" },
  { "country": "Mali", "capital": "Bamako" },
  { "country": "Kazakhstan", "capital": "Nur-Sultan" },
  { "country": "San Marino", "capital": "San Marino" },
  { "country": "Burkina Faso", "capital": "Ouagadougou" },
  { "country": "Chad", "capital": "N'Djamena" },
  { "country": "Canada", "capital": "Ottawa" },
  { "country": "Germany", "capital": "Berlin" },
  { "country": "Somalia", "capital": "Mogadishu" },
  { "country": "United Arab Emirates", "capital": "Abu Dhabi" },
  { "country": "Mauritania", "capital": "Nouakchott" },
  { "country": "Tunisia", "capital": "Tunisia" },
  { "country": "United States", "capital": "Washington" }
]
