[
  {
    "singular": "pearl",
    "plural": "pearls"
  },
  {
    "singular": "spoon",
    "plural": "spoons"
  },
  {
    "singular": "stage",
    "plural": "stages"
  },
  {
    "singular": "list",
    "plural": "lists"
  },
  {
    "singular": "character",
    "plural": "stamps"
  },
  {
    "singular": "first",
    "plural": "early"
  },
  {
    "singular": "close",
    "plural": "relatives"
  },
  {
    "singular": "collector",
    "plural": "collectors"
  },
  {
    "singular": "minaret",
    "plural": "minarets"
  },
  {
    "singular": "fruit",
    "plural": "fruit"
  },
  {
    "singular": "mosque",
    "plural": "mosques"
  },
  {
    "singular": "street",
    "plural": "streets"
  },
  {
    "singular": "swimming pool",
    "plural": "pools"
  },
  {
    "singular": "phone",
    "plural": "phones"
  },
  {
    "singular": "garden",
    "plural": "gardens"
  },
  {
    "singular": "theater",
    "plural": "theaters"
  },
  {
    "singular": "problem",
    "plural": "problems"
  },
  {
    "singular": "message",
    "plural": "letters"
  },
  {
    "singular": "function",
    "plural": "functions"
  },
  {
    "singular": "crime",
    "plural": "crimes"
  },
  {
    "singular": "arranged",
    "plural": "mattresses"
  },
  {
    "singular": "school",
    "plural": "schools"
  },
  {
    "singular": "shop",
    "plural": "shops"
  },
  {
    "singular": "table",
    "plural": "tables"
  },
  {
    "singular": "area",
    "plural": "zones"
  },
  {
    "singular": "chair",
    "plural": "chairs"
  }
]
